id;name;guid;bank_number;agency_number;last_operation_duration;mean_operation_duration;mean_queue_duration;balance;opening_day;last_operation_date;active;account_type;attachment;attachment_content_type;description
1;rarely;e6d9a247-cba2-4e40-b002-1ea5c3d96133;5186;12849;32108.49;23307.39;17184;31471.87;2020-08-04;2020-08-03T18:09:47;false;LOAN;../fake-data/blob/hipster.png;image/png;../fake-data/blob/hipster.txt
2;contradict;ba16a841-0589-43d3-b9cb-d2dd4a7499f1;4383;6679;15686.1;2100.18;12578;5343.2;2020-08-03;2020-08-04T10:29:06;false;LOAN;../fake-data/blob/hipster.png;image/png;../fake-data/blob/hipster.txt
3;and after drat;384e1d08-ed3e-46e6-94df-83fdce690681;7798;20737;4821.59;22116.92;17743;25726.48;2020-08-04;2020-08-04T02:58:57;false;LOAN;../fake-data/blob/hipster.png;image/png;../fake-data/blob/hipster.txt
4;annually negative;85dbb02d-70a5-485f-bd6c-c0c04840068b;17218;7749;9029.83;3208.53;14451;24747.08;2020-08-04;2020-08-04T01:40:59;true;LOAN;../fake-data/blob/hipster.png;image/png;../fake-data/blob/hipster.txt
5;throughout;92ff618a-491a-44db-bc4c-1cfd3d00b823;29374;5621;26333.78;2055.34;24508;1455.11;2020-08-04;2020-08-04T11:19:03;true;CHECKING;../fake-data/blob/hipster.png;image/png;../fake-data/blob/hipster.txt
6;oh;9528376c-8b4b-4ddc-9711-91c10ed9b30a;30437;8953;22802.33;30275.42;3033;10830.86;2020-08-04;2020-08-03T17:52:07;false;SAVINGS;../fake-data/blob/hipster.png;image/png;../fake-data/blob/hipster.txt
7;aware off reboot;3502fa9e-88f5-4e88-86fd-b44dfeddff8d;28666;24787;17627.31;29174.07;11583;444.88;2020-08-03;2020-08-03T21:32:46;true;CHECKING;../fake-data/blob/hipster.png;image/png;../fake-data/blob/hipster.txt
8;fake supposing;ce87f513-0c10-4259-9731-b4df20f953b0;11650;10564;7167.03;13878.79;6538;3679.85;2020-08-04;2020-08-04T03:59:49;false;SAVINGS;../fake-data/blob/hipster.png;image/png;../fake-data/blob/hipster.txt
9;massage fooey outside;03d00133-a645-4a20-8358-969108e4bb3b;6810;19543;1166.2;31662.63;24078;20944.78;2020-08-03;2020-08-04T06:29:40;false;SAVINGS;../fake-data/blob/hipster.png;image/png;../fake-data/blob/hipster.txt
10;vaguely despite;03294d58-ce33-4988-a404-f6a1e6e0b4f3;15079;3340;9308.46;15935.83;9382;6575.68;2020-08-04;2020-08-04T01:42:15;false;CHECKING;../fake-data/blob/hipster.png;image/png;../fake-data/blob/hipster.txt
11;fowl;a3bc23bb-bcfd-449e-b161-014dadb35daa;8031;24262;990.67;1093.28;1850;2346.46;2020-08-04;2020-08-04T14:55:39;false;CHECKING;../fake-data/blob/hipster.png;image/png;../fake-data/blob/hipster.txt
12;valiantly swathe alongside;24b01c77-bb61-4216-9cea-d5f17a9dc8d3;23648;31478;11122.33;23509.77;17366;2945.63;2020-08-04;2020-08-04T16:24:46;false;SAVINGS;../fake-data/blob/hipster.png;image/png;../fake-data/blob/hipster.txt
13;defiantly bashfully;8026ef77-6418-490b-91b3-88ab63f6cc7e;27772;2645;17452.58;365.47;8172;21718.71;2020-08-03;2020-08-04T03:42:24;false;SAVINGS;../fake-data/blob/hipster.png;image/png;../fake-data/blob/hipster.txt
14;malfunction;34434c68-f869-4f23-a1af-c1f542a9c3ba;15537;27160;6258.97;22608.02;30448;9274.57;2020-08-03;2020-08-03T23:58:59;true;LOAN;../fake-data/blob/hipster.png;image/png;../fake-data/blob/hipster.txt
15;phooey that since;b19ffa37-26b5-40d9-a746-61d78bf03c6d;3228;15194;7233.86;23832.89;18885;10697;2020-08-03;2020-08-04T14:45:19;true;LOAN;../fake-data/blob/hipster.png;image/png;../fake-data/blob/hipster.txt
16;than throughout;b370d5f7-2b66-464e-853d-c5798750143a;4991;23447;25444.37;29321.06;24911;31365.4;2020-08-04;2020-08-04T01:44:02;false;SAVINGS;../fake-data/blob/hipster.png;image/png;../fake-data/blob/hipster.txt
17;pure up pish;932ec260-6c66-4d18-80ed-221e403203de;2132;22085;21352.27;2446.22;17608;11860.23;2020-08-04;2020-08-04T09:09:18;false;CHECKING;../fake-data/blob/hipster.png;image/png;../fake-data/blob/hipster.txt
18;in;1c1ca14e-fd24-48da-985b-604bee2a19be;24958;20724;14928.97;26898.24;29715;17948.86;2020-08-04;2020-08-03T22:47:13;false;SAVINGS;../fake-data/blob/hipster.png;image/png;../fake-data/blob/hipster.txt
19;promptly abaft times;1c9f0b69-dcaf-43d1-8b88-89c1248054e7;15984;12649;20696.11;6888.33;31054;17689.88;2020-08-04;2020-08-04T11:29:59;false;SAVINGS;../fake-data/blob/hipster.png;image/png;../fake-data/blob/hipster.txt
20;brave times excepting;ffbeb400-3c45-4ff9-bc91-763d1832351c;13755;3912;32765.18;18133.04;30098;22237;2020-08-04;2020-08-04T01:46:04;true;CHECKING;../fake-data/blob/hipster.png;image/png;../fake-data/blob/hipster.txt
21;appreciate father;0a204849-b0e8-47f9-9438-2b058d4bacaf;26243;19758;19921.32;12514.71;20165;20969.11;2020-08-04;2020-08-04T07:18:53;true;CHECKING;../fake-data/blob/hipster.png;image/png;../fake-data/blob/hipster.txt
22;astride perfumed following;1fb47e0e-f2a2-462c-b4cc-fd3b4820325c;8736;7670;31322.26;12391.85;23546;31039.5;2020-08-03;2020-08-03T19:45:50;true;SAVINGS;../fake-data/blob/hipster.png;image/png;../fake-data/blob/hipster.txt
23;alert recent yieldingly;76ec410b-d4c6-42d6-9c2f-0d0f7bb30c5e;26837;30781;29625.34;21843.71;27488;17006.23;2020-08-03;2020-08-04T02:50:49;false;CHECKING;../fake-data/blob/hipster.png;image/png;../fake-data/blob/hipster.txt
24;wherever;82671114-a0e7-4b69-86bf-866b1a2c649c;4533;4903;15670.57;31598.97;12823;2233.41;2020-08-03;2020-08-04T09:19:46;true;LOAN;../fake-data/blob/hipster.png;image/png;../fake-data/blob/hipster.txt
25;rightfully;b11b34d3-7ba9-4283-bc00-d133b6cee9bf;15954;22708;9614.18;22143.83;30447;27773.16;2020-08-03;2020-08-03T21:51:50;true;CHECKING;../fake-data/blob/hipster.png;image/png;../fake-data/blob/hipster.txt
26;jazz mediocre;08e05135-6321-47d0-a5d9-c931e79dad69;11588;31851;31750.23;28296.09;28018;11159;2020-08-04;2020-08-04T14:23:14;true;LOAN;../fake-data/blob/hipster.png;image/png;../fake-data/blob/hipster.txt
27;denitrify bouncy;a11dbbb9-6708-4a48-8479-6cf67ba383c3;26363;13845;4118.97;29996.53;9243;17864.24;2020-08-04;2020-08-03T23:08:40;true;SAVINGS;../fake-data/blob/hipster.png;image/png;../fake-data/blob/hipster.txt
28;deceivingly;a4349969-f013-4141-9d83-d76a1b688512;5891;30040;3867.12;19074.69;32278;23867.15;2020-08-04;2020-08-03T19:12:09;false;LOAN;../fake-data/blob/hipster.png;image/png;../fake-data/blob/hipster.txt
29;along;b760e82b-eb48-4fb2-8582-409553373423;16850;22981;20522.63;3230.78;29995;15662.06;2020-08-04;2020-08-03T22:46:08;true;CHECKING;../fake-data/blob/hipster.png;image/png;../fake-data/blob/hipster.txt
30;amongst through because;13772de0-68d8-435e-9bc4-2edb39662bf4;28806;6881;19897.93;14486.08;12723;31268.04;2020-08-04;2020-08-04T08:14:15;true;CHECKING;../fake-data/blob/hipster.png;image/png;../fake-data/blob/hipster.txt
