id;parent_name
1;and queasily
2;heavily and trained
3;as powerfully which
4;consistency bind who
5;planula ew peppery
6;sans
7;as
8;who impossible adumbrate
9;drat quietly hopelessly
10;interestingly
11;saturate
12;thyme dusk
13;humidity if
14;memorable mmm eek
15;limply along
16;royal exalted
17;darling between failing
18;astride cutlet unless
19;uh-huh
20;sonata given yowza
21;canter
22;unfortunately
23;floss silently
24;given
25;forgather finally
26;though custom oily
27;partially inwardly
28;dulcimer
29;yahoo frankly
30;outlaw dishonor well-documented
