id;louis
1;in dearly
2;until whose lawmaker
3;nun happily big
4;while towards
5;yum
6;ouch vengeful
7;blind above
8;finer over certainly
9;blah
10;piglet fluff excepting
11;pace nippy
12;gee completion
13;certainly digitize utterly
14;near noisily
15;remand um egg
16;when
17;duh phew woefully
18;kick readjust
19;mmm
20;whoever dapper illusion
21;successfully poorly squeaky
22;pish pfft knowledgeably
23;reservation
24;hmph fraudster
25;underneath knowingly
26;quixotic juicy
27;quirkily honestly
28;sans aha
29;regarding
30;venture the
