id;emma
1;phew inborn coin
2;busily improbable
3;nor aw
4;extremely among
5;space juggernaut yum
6;patroller hyphenation
7;since oh yak
8;sate poorly after
9;fooey
10;foolishly
11;plastic woefully
12;neighboring
13;via
14;forenenst
15;and
16;than
17;cosset joyously painfully
18;whenever edge
19;progress
20;and moral
21;minus frightfully
22;usefully consequently
23;whose besmirch
24;culture um
25;who
26;unwilling smarten uh-huh
27;er
28;authorized before
29;uh-huh needily
30;longingly coil championship
