id;enzo
1;tremendously
2;scrutinise
3;gee nor
4;hence thoroughly indeed
5;inside
6;deliberately sermon skateboard
7;retention
8;round interchange hutch
9;across
10;because duh
11;once cone accelerator
12;zowie
13;sleepily
14;freezing
15;smart
16;aw colorfully psst
17;while creature
18;bran community hence
19;underneath
20;whose zowie
21;goat dime newsletter
22;fiddle blah rebound
23;unless elliptical less
24;whose preheat
25;paintwork
26;hunt
27;lively via incidentally
28;while um poetry
29;rejigger
30;scarily sarong coordinated
