id;lea
1;victoriously fooey needily
2;till
3;huzzah if metallic
4;by grass that
5;forenenst
6;sightseeing likewise furiously
7;per whine intellect
8;boohoo
9;indeed glittering hmph
10;who even
11;even fathom because
12;seriously
13;shrilly matter
14;alliance
15;opposite
16;minor instance unless
17;fruitful rusty ocelot
18;atop irritably scenario
19;handful forenenst measly
20;bah longingly
21;suffice
22;meh
23;festival consequently frantically
24;er feminize
25;reasonable king restfully
26;sophisticated drab
27;scoff showy see
28;between
29;fooey forenenst
30;smoggy
