id;theo
1;sustenance forswear
2;unbearably
3;inasmuch fall
4;amongst traditionalism commonly
5;however why filter
6;develop huzzah bathhouse
7;sudden
8;whack against confiscate
9;whereas
10;gadzooks stupendous
11;wonderfully failing vainly
12;yawningly
13;insignificant monthly construe
14;accidentally
15;though
16;aha blend
17;vastly
18;a hence spectate
19;tackle
20;why why
21;atop enthusiastically
22;during
23;bouncy
24;pro why
25;afore pave
26;providence before off
27;interchange railway
28;shark watery
29;gullible a out
30;crocodile
