id;label_name
1;gee jagged option
2;spanish ack tenant
3;jovially
4;besides for willow
5;surprise
6;meanwhile yahoo
7;rosemary inure ugh
8;factorise
9;metal righteously
10;salty give
11;sophisticated question
12;ignorance
13;scuffle
14;low vet
15;bathrobe while gosh
16;deduct
17;fully
18;times anaesthetise
19;briefly honestly
20;safely even
21;hello nutritious bakeware
22;fervently
23;boo
24;gestate likewise
25;phew
26;below loftily hunger
27;formamide vanadyl dandelion
28;supposing
29;swing airbrush
30;forenenst reproachfully tomatillo
