id;title
1;quintuple except confusion
2;discontinue fortunately
3;utter weight prioritize
4;aw
5;instead boohoo
6;midst interior scaly
7;coolly cruelty
8;recovery through
9;blah excluding
10;in reasoning trivial
11;where strategy drat
12;cope
13;but via zesty
14;accomplished subexpression
15;taut toady
16;underneath whoever
17;what
18;terribly
19;shiny where shush
20;window settler
21;anenst trust hmph
22;after
23;wobbly
24;bell boohoo splash
25;times cod matter
26;unibody
27;sociable within
28;incidentally
29;brightly dime upliftingly
30;bakeware
