id;name
1;nicely mid though
2;if drat ha
3;garage
4;reapply yearningly
5;topsail even
6;who so
7;never outside
8;but suspiciously to
9;whoa fat fooey
10;provided if because
11;marvelous enrich
12;symbolise stabilise
13;not regarding candid
14;pessimistic before
15;vanish digestive
16;when
17;huzzah
18;tune-up
19;evil
20;questioningly
21;forage near
22;not
23;failing aha
24;sticky indeed
25;irritably
26;kindheartedly whether rejoin
27;tepid uh-huh expatiate
28;hm bah earth
29;hmph like after
30;victoriously
